No.,Time,Source,Destination,Protocol,Length,Info,cumsum,Bytes in flight,good_time
17011,13.670255,10.234.187.248,147.46.244.85,TCP,92,"47510  >  8888 [PSH, ACK] Seq=13339339 Ack=157 Win=87808 Len=20 TSval=29486885 TSecr=2885411088",92,20,
17013,13.670444,10.234.187.248,147.46.244.85,TCP,1460,47510  >  8888 [ACK] Seq=13339359 Ack=157 Win=87808 Len=1388 TSval=29486885 TSecr=2885411088,1552,1408,
17014,13.670499,10.234.187.248,147.46.244.85,TCP,1460,47510  >  8888 [ACK] Seq=13340747 Ack=157 Win=87808 Len=1388 TSval=29486885 TSecr=2885411088,3012,2796,
17015,13.670539,10.234.187.248,147.46.244.85,TCP,1460,47510  >  8888 [ACK] Seq=13342135 Ack=157 Win=87808 Len=1388 TSval=29486885 TSecr=2885411088,4472,4184,
17016,13.67061,10.234.187.248,147.46.244.85,TCP,1460,47510  >  8888 [ACK] Seq=13343523 Ack=157 Win=87808 Len=1388 TSval=29486885 TSecr=2885411088,5932,5572,
17017,13.670639,10.234.187.248,147.46.244.85,TCP,1460,47510  >  8888 [ACK] Seq=13344911 Ack=157 Win=87808 Len=1388 TSval=29486885 TSecr=2885411088,7392,6960,
17018,13.670685,10.234.187.248,147.46.244.85,TCP,1460,47510  >  8888 [ACK] Seq=13346299 Ack=157 Win=87808 Len=1388 TSval=29486885 TSecr=2885411088,8852,8348,
17020,13.670744,10.234.187.248,147.46.244.85,TCP,1460,47510  >  8888 [ACK] Seq=13347687 Ack=157 Win=87808 Len=1388 TSval=29486885 TSecr=2885411088,10312,9736,
17021,13.670773,10.234.187.248,147.46.244.85,TCP,1460,47510  >  8888 [ACK] Seq=13349075 Ack=157 Win=87808 Len=1388 TSval=29486885 TSecr=2885411088,11772,11124,
17022,13.670811,10.234.187.248,147.46.244.85,TCP,1460,47510  >  8888 [ACK] Seq=13350463 Ack=157 Win=87808 Len=1388 TSval=29486885 TSecr=2885411088,13232,12512,
17023,13.670837,10.234.187.248,147.46.244.85,TCP,1460,47510  >  8888 [ACK] Seq=13351851 Ack=157 Win=87808 Len=1388 TSval=29486885 TSecr=2885411088,14692,13900,
17024,13.670859,10.234.187.248,147.46.244.85,TCP,1460,47510  >  8888 [ACK] Seq=13353239 Ack=157 Win=87808 Len=1388 TSval=29486885 TSecr=2885411088,16152,15288,
17026,13.67096,10.234.187.248,147.46.244.85,TCP,1460,47510  >  8888 [ACK] Seq=13354627 Ack=157 Win=87808 Len=1388 TSval=29486885 TSecr=2885411088,17612,16676,
17027,13.670991,10.234.187.248,147.46.244.85,TCP,1460,47510  >  8888 [ACK] Seq=13356015 Ack=157 Win=87808 Len=1388 TSval=29486885 TSecr=2885411088,19072,18064,
17028,13.671016,10.234.187.248,147.46.244.85,TCP,1460,47510  >  8888 [ACK] Seq=13357403 Ack=157 Win=87808 Len=1388 TSval=29486885 TSecr=2885411088,20532,19452,
17029,13.671053,10.234.187.248,147.46.244.85,TCP,1460,47510  >  8888 [ACK] Seq=13358791 Ack=157 Win=87808 Len=1388 TSval=29486885 TSecr=2885411088,21992,20840,
17030,13.671077,10.234.187.248,147.46.244.85,TCP,1460,47510  >  8888 [ACK] Seq=13360179 Ack=157 Win=87808 Len=1388 TSval=29486885 TSecr=2885411088,23452,22228,
17032,13.671132,10.234.187.248,147.46.244.85,TCP,1460,47510  >  8888 [ACK] Seq=13361567 Ack=157 Win=87808 Len=1388 TSval=29486885 TSecr=2885411088,24912,23616,
17033,13.671169,10.234.187.248,147.46.244.85,TCP,1460,47510  >  8888 [ACK] Seq=13362955 Ack=157 Win=87808 Len=1388 TSval=29486885 TSecr=2885411088,26372,25004,
17034,13.671195,10.234.187.248,147.46.244.85,TCP,1460,47510  >  8888 [ACK] Seq=13364343 Ack=157 Win=87808 Len=1388 TSval=29486885 TSecr=2885411088,27832,26392,
17035,13.671225,10.234.187.248,147.46.244.85,TCP,1460,47510  >  8888 [ACK] Seq=13365731 Ack=157 Win=87808 Len=1388 TSval=29486885 TSecr=2885411088,29292,27780,
17036,13.671254,10.234.187.248,147.46.244.85,TCP,1460,47510  >  8888 [ACK] Seq=13367119 Ack=157 Win=87808 Len=1388 TSval=29486885 TSecr=2885411088,30752,29168,
17038,13.671458,10.234.187.248,147.46.244.85,TCP,1460,47510  >  8888 [ACK] Seq=13368507 Ack=157 Win=87808 Len=1388 TSval=29486885 TSecr=2885411088,32212,30556,
17039,13.671731,10.234.187.248,147.46.244.85,TCP,1460,47510  >  8888 [ACK] Seq=13369895 Ack=157 Win=87808 Len=1388 TSval=29486885 TSecr=2885411088,33672,31944,
17040,13.672021,10.234.187.248,147.46.244.85,TCP,1460,47510  >  8888 [ACK] Seq=13371283 Ack=157 Win=87808 Len=1388 TSval=29486885 TSecr=2885411088,35132,33332,
17041,13.672028,10.234.187.248,147.46.244.85,TCP,1460,47510  >  8888 [ACK] Seq=13372671 Ack=157 Win=87808 Len=1388 TSval=29486885 TSecr=2885411088,36592,34720,
17042,13.67256,10.234.187.248,147.46.244.85,TCP,1460,47510  >  8888 [ACK] Seq=13374059 Ack=157 Win=87808 Len=1388 TSval=29486885 TSecr=2885411088,38052,36108,
17044,13.672841,10.234.187.248,147.46.244.85,TCP,1460,47510  >  8888 [ACK] Seq=13375447 Ack=157 Win=87808 Len=1388 TSval=29486885 TSecr=2885411088,39512,37496,
17045,13.672846,10.234.187.248,147.46.244.85,TCP,1460,47510  >  8888 [ACK] Seq=13376835 Ack=157 Win=87808 Len=1388 TSval=29486885 TSecr=2885411088,40972,38884,
17046,13.673391,10.234.187.248,147.46.244.85,TCP,1460,47510  >  8888 [ACK] Seq=13378223 Ack=157 Win=87808 Len=1388 TSval=29486885 TSecr=2885411088,42432,40272,
17047,13.673399,10.234.187.248,147.46.244.85,TCP,1460,47510  >  8888 [ACK] Seq=13379611 Ack=157 Win=87808 Len=1388 TSval=29486885 TSecr=2885411088,43892,41660,
17048,13.673943,10.234.187.248,147.46.244.85,TCP,1460,47510  >  8888 [ACK] Seq=13380999 Ack=157 Win=87808 Len=1388 TSval=29486885 TSecr=2885411088,45352,43048,
17050,13.673966,10.234.187.248,147.46.244.85,TCP,1460,47510  >  8888 [ACK] Seq=13382387 Ack=157 Win=87808 Len=1388 TSval=29486885 TSecr=2885411088,46812,44436,
17051,13.674495,10.234.187.248,147.46.244.85,TCP,1460,47510  >  8888 [ACK] Seq=13383775 Ack=157 Win=87808 Len=1388 TSval=29486886 TSecr=2885411088,48272,45824,
17052,13.674501,10.234.187.248,147.46.244.85,TCP,1460,47510  >  8888 [ACK] Seq=13385163 Ack=157 Win=87808 Len=1388 TSval=29486886 TSecr=2885411088,49732,47212,
17053,13.675053,10.234.187.248,147.46.244.85,TCP,1460,47510  >  8888 [ACK] Seq=13386551 Ack=157 Win=87808 Len=1388 TSval=29486886 TSecr=2885411088,51192,48600,
17055,13.675077,10.234.187.248,147.46.244.85,TCP,1460,47510  >  8888 [ACK] Seq=13387939 Ack=157 Win=87808 Len=1388 TSval=29486886 TSecr=2885411088,52652,49988,
17056,13.675602,10.234.187.248,147.46.244.85,TCP,1460,47510  >  8888 [ACK] Seq=13389327 Ack=157 Win=87808 Len=1388 TSval=29486886 TSecr=2885411088,54112,51376,
17057,13.675608,10.234.187.248,147.46.244.85,TCP,1460,47510  >  8888 [ACK] Seq=13390715 Ack=157 Win=87808 Len=1388 TSval=29486886 TSecr=2885411088,55572,52764,
17058,13.676153,10.234.187.248,147.46.244.85,TCP,1460,47510  >  8888 [ACK] Seq=13392103 Ack=157 Win=87808 Len=1388 TSval=29486886 TSecr=2885411088,57032,54152,
17060,13.676171,10.234.187.248,147.46.244.85,TCP,1460,47510  >  8888 [ACK] Seq=13393491 Ack=157 Win=87808 Len=1388 TSval=29486886 TSecr=2885411088,58492,55540,
17061,13.676709,10.234.187.248,147.46.244.85,TCP,1460,47510  >  8888 [ACK] Seq=13394879 Ack=157 Win=87808 Len=1388 TSval=29486886 TSecr=2885411088,59952,56928,
17062,13.676713,10.234.187.248,147.46.244.85,TCP,1460,47510  >  8888 [ACK] Seq=13396267 Ack=157 Win=87808 Len=1388 TSval=29486886 TSecr=2885411088,61412,58316,
17063,13.677258,10.234.187.248,147.46.244.85,TCP,1460,47510  >  8888 [ACK] Seq=13397655 Ack=157 Win=87808 Len=1388 TSval=29486886 TSecr=2885411088,62872,59704,
17065,13.677278,10.234.187.248,147.46.244.85,TCP,1460,47510  >  8888 [ACK] Seq=13399043 Ack=157 Win=87808 Len=1388 TSval=29486886 TSecr=2885411088,64332,61092,
17066,13.677812,10.234.187.248,147.46.244.85,TCP,1460,47510  >  8888 [ACK] Seq=13400431 Ack=157 Win=87808 Len=1388 TSval=29486887 TSecr=2885411088,65792,62480,
17067,13.677815,10.234.187.248,147.46.244.85,TCP,1460,47510  >  8888 [ACK] Seq=13401819 Ack=157 Win=87808 Len=1388 TSval=29486887 TSecr=2885411088,67252,63868,
17068,13.678364,10.234.187.248,147.46.244.85,TCP,1460,47510  >  8888 [ACK] Seq=13403207 Ack=157 Win=87808 Len=1388 TSval=29486887 TSecr=2885411088,68712,65256,
17070,13.678379,10.234.187.248,147.46.244.85,TCP,1460,47510  >  8888 [ACK] Seq=13404595 Ack=157 Win=87808 Len=1388 TSval=29486887 TSecr=2885411088,70172,66644,
17071,13.678917,10.234.187.248,147.46.244.85,TCP,1460,47510  >  8888 [ACK] Seq=13405983 Ack=157 Win=87808 Len=1388 TSval=29486887 TSecr=2885411088,71632,68032,
17072,13.67892,10.234.187.248,147.46.244.85,TCP,1460,47510  >  8888 [ACK] Seq=13407371 Ack=157 Win=87808 Len=1388 TSval=29486887 TSecr=2885411088,73092,69420,
17073,13.679469,10.234.187.248,147.46.244.85,TCP,1460,47510  >  8888 [ACK] Seq=13408759 Ack=157 Win=87808 Len=1388 TSval=29486887 TSecr=2885411088,74552,70808,
17075,13.679485,10.234.187.248,147.46.244.85,TCP,1460,47510  >  8888 [ACK] Seq=13410147 Ack=157 Win=87808 Len=1388 TSval=29486887 TSecr=2885411088,76012,72196,
17076,13.680025,10.234.187.248,147.46.244.85,TCP,1460,47510  >  8888 [ACK] Seq=13411535 Ack=157 Win=87808 Len=1388 TSval=29486887 TSecr=2885411088,77472,73584,
17077,13.680029,10.234.187.248,147.46.244.85,TCP,1460,47510  >  8888 [ACK] Seq=13412923 Ack=157 Win=87808 Len=1388 TSval=29486887 TSecr=2885411088,78932,74972,
17078,13.680582,10.234.187.248,147.46.244.85,TCP,1460,47510  >  8888 [ACK] Seq=13414311 Ack=157 Win=87808 Len=1388 TSval=29486887 TSecr=2885411088,80392,76360,
17080,13.68061,10.234.187.248,147.46.244.85,TCP,1460,47510  >  8888 [ACK] Seq=13415699 Ack=157 Win=87808 Len=1388 TSval=29486887 TSecr=2885411088,81852,77748,
17081,13.681125,10.234.187.248,147.46.244.85,TCP,1460,47510  >  8888 [ACK] Seq=13417087 Ack=157 Win=87808 Len=1388 TSval=29486888 TSecr=2885411088,83312,79136,
17082,13.681129,10.234.187.248,147.46.244.85,TCP,1460,47510  >  8888 [ACK] Seq=13418475 Ack=157 Win=87808 Len=1388 TSval=29486888 TSecr=2885411088,84772,80524,
17083,13.681681,10.234.187.248,147.46.244.85,TCP,1460,47510  >  8888 [ACK] Seq=13419863 Ack=157 Win=87808 Len=1388 TSval=29486888 TSecr=2885411088,86232,81912,
17085,13.681724,10.234.187.248,147.46.244.85,TCP,1460,47510  >  8888 [ACK] Seq=13421251 Ack=157 Win=87808 Len=1388 TSval=29486888 TSecr=2885411088,87692,83300,
17086,13.682234,10.234.187.248,147.46.244.85,TCP,1460,47510  >  8888 [ACK] Seq=13422639 Ack=157 Win=87808 Len=1388 TSval=29486888 TSecr=2885411088,89152,84688,
17087,13.682242,10.234.187.248,147.46.244.85,TCP,1460,47510  >  8888 [ACK] Seq=13424027 Ack=157 Win=87808 Len=1388 TSval=29486888 TSecr=2885411088,90612,86076,
17088,13.68279,10.234.187.248,147.46.244.85,TCP,1460,47510  >  8888 [ACK] Seq=13425415 Ack=157 Win=87808 Len=1388 TSval=29486888 TSecr=2885411088,92072,87464,
17090,13.682819,10.234.187.248,147.46.244.85,TCP,1460,47510  >  8888 [ACK] Seq=13426803 Ack=157 Win=87808 Len=1388 TSval=29486888 TSecr=2885411088,93532,88852,
17091,13.683339,10.234.187.248,147.46.244.85,TCP,1460,47510  >  8888 [ACK] Seq=13428191 Ack=157 Win=87808 Len=1388 TSval=29486888 TSecr=2885411088,94992,90240,
17092,13.683344,10.234.187.248,147.46.244.85,TCP,1460,47510  >  8888 [ACK] Seq=13429579 Ack=157 Win=87808 Len=1388 TSval=29486888 TSecr=2885411088,96452,91628,
17093,13.683889,10.234.187.248,147.46.244.85,TCP,1460,47510  >  8888 [ACK] Seq=13430967 Ack=157 Win=87808 Len=1388 TSval=29486888 TSecr=2885411088,97912,93016,
17095,13.683906,10.234.187.248,147.46.244.85,TCP,1460,47510  >  8888 [ACK] Seq=13432355 Ack=157 Win=87808 Len=1388 TSval=29486888 TSecr=2885411088,99372,94404,
17096,13.684442,10.234.187.248,147.46.244.85,TCP,1460,47510  >  8888 [ACK] Seq=13433743 Ack=157 Win=87808 Len=1388 TSval=29486889 TSecr=2885411088,100832,95792,
17097,13.684446,10.234.187.248,147.46.244.85,TCP,1460,47510  >  8888 [ACK] Seq=13435131 Ack=157 Win=87808 Len=1388 TSval=29486889 TSecr=2885411088,102292,97180,
17098,13.684994,10.234.187.248,147.46.244.85,TCP,1460,47510  >  8888 [ACK] Seq=13436519 Ack=157 Win=87808 Len=1388 TSval=29486889 TSecr=2885411088,103752,98568,
17100,13.685012,10.234.187.248,147.46.244.85,TCP,1460,47510  >  8888 [ACK] Seq=13437907 Ack=157 Win=87808 Len=1388 TSval=29486889 TSecr=2885411088,105212,99956,
17101,13.685546,10.234.187.248,147.46.244.85,TCP,1460,47510  >  8888 [ACK] Seq=13439295 Ack=157 Win=87808 Len=1388 TSval=29486889 TSecr=2885411088,106672,101344,
17102,13.68555,10.234.187.248,147.46.244.85,TCP,1460,47510  >  8888 [ACK] Seq=13440683 Ack=157 Win=87808 Len=1388 TSval=29486889 TSecr=2885411088,108132,102732,
17103,13.686099,10.234.187.248,147.46.244.85,TCP,1460,47510  >  8888 [ACK] Seq=13442071 Ack=157 Win=87808 Len=1388 TSval=29486889 TSecr=2885411088,109592,104120,
17105,13.686115,10.234.187.248,147.46.244.85,TCP,1460,47510  >  8888 [ACK] Seq=13443459 Ack=157 Win=87808 Len=1388 TSval=29486889 TSecr=2885411088,111052,105508,
17106,13.686653,10.234.187.248,147.46.244.85,TCP,1460,47510  >  8888 [ACK] Seq=13444847 Ack=157 Win=87808 Len=1388 TSval=29486889 TSecr=2885411088,112512,106896,
17107,13.686929,10.234.187.248,147.46.244.85,TCP,1460,47510  >  8888 [ACK] Seq=13446235 Ack=157 Win=87808 Len=1388 TSval=29486889 TSecr=2885411088,113972,108284,
17108,13.686933,10.234.187.248,147.46.244.85,TCP,1460,47510  >  8888 [ACK] Seq=13447623 Ack=157 Win=87808 Len=1388 TSval=29486889 TSecr=2885411088,115432,109672,
17109,13.687481,10.234.187.248,147.46.244.85,TCP,1460,47510  >  8888 [ACK] Seq=13449011 Ack=157 Win=87808 Len=1388 TSval=29486889 TSecr=2885411088,116892,111060,
17111,13.687498,10.234.187.248,147.46.244.85,TCP,1460,47510  >  8888 [ACK] Seq=13450399 Ack=157 Win=87808 Len=1388 TSval=29486889 TSecr=2885411088,118352,112448,
17112,13.688033,10.234.187.248,147.46.244.85,TCP,1460,47510  >  8888 [ACK] Seq=13451787 Ack=157 Win=87808 Len=1388 TSval=29486890 TSecr=2885411088,119812,113836,
17113,13.688037,10.234.187.248,147.46.244.85,TCP,1460,47510  >  8888 [ACK] Seq=13453175 Ack=157 Win=87808 Len=1388 TSval=29486890 TSecr=2885411088,121272,115224,
17114,13.688587,10.234.187.248,147.46.244.85,TCP,1460,47510  >  8888 [ACK] Seq=13454563 Ack=157 Win=87808 Len=1388 TSval=29486890 TSecr=2885411088,122732,116612,
17116,13.688605,10.234.187.248,147.46.244.85,TCP,1460,47510  >  8888 [ACK] Seq=13455951 Ack=157 Win=87808 Len=1388 TSval=29486890 TSecr=2885411088,124192,118000,
17117,13.689139,10.234.187.248,147.46.244.85,TCP,1460,47510  >  8888 [ACK] Seq=13457339 Ack=157 Win=87808 Len=1388 TSval=29486890 TSecr=2885411088,125652,119388,
17118,13.689143,10.234.187.248,147.46.244.85,TCP,1460,47510  >  8888 [ACK] Seq=13458727 Ack=157 Win=87808 Len=1388 TSval=29486890 TSecr=2885411088,127112,120776,
17119,13.689689,10.234.187.248,147.46.244.85,TCP,1460,47510  >  8888 [ACK] Seq=13460115 Ack=157 Win=87808 Len=1388 TSval=29486890 TSecr=2885411088,128572,122164,
17124,13.764452,10.234.187.248,147.46.244.85,TCP,1460,47510  >  8888 [ACK] Seq=13461503 Ack=157 Win=87808 Len=1388 TSval=29486913 TSecr=2885411286,130032,122144,
17126,13.764548,10.234.187.248,147.46.244.85,TCP,1460,47510  >  8888 [ACK] Seq=13462891 Ack=157 Win=87808 Len=1388 TSval=29486913 TSecr=2885411286,131492,123532,
17130,13.775992,10.234.187.248,147.46.244.85,TCP,1460,47510  >  8888 [ACK] Seq=13464279 Ack=157 Win=87808 Len=1388 TSval=29486916 TSecr=2885411287,132952,119368,
17132,13.776048,10.234.187.248,147.46.244.85,TCP,1460,47510  >  8888 [ACK] Seq=13465667 Ack=157 Win=87808 Len=1388 TSval=29486916 TSecr=2885411287,134412,120756,
17133,13.776119,10.234.187.248,147.46.244.85,TCP,1460,47510  >  8888 [ACK] Seq=13467055 Ack=157 Win=87808 Len=1388 TSval=29486916 TSecr=2885411287,135872,122144,
17134,13.77613,10.234.187.248,147.46.244.85,TCP,1460,47510  >  8888 [ACK] Seq=13468443 Ack=157 Win=87808 Len=1388 TSval=29486916 TSecr=2885411287,137332,123532,
17136,13.776228,10.234.187.248,147.46.244.85,TCP,1460,47510  >  8888 [ACK] Seq=13469831 Ack=157 Win=87808 Len=1388 TSval=29486916 TSecr=2885411288,138792,122144,
17137,13.776241,10.234.187.248,147.46.244.85,TCP,1460,47510  >  8888 [ACK] Seq=13471219 Ack=157 Win=87808 Len=1388 TSval=29486916 TSecr=2885411288,140252,123532,
17139,13.776324,10.234.187.248,147.46.244.85,TCP,1460,47510  >  8888 [ACK] Seq=13472607 Ack=157 Win=87808 Len=1388 TSval=29486916 TSecr=2885411293,141712,122144,
17141,13.776364,10.234.187.248,147.46.244.85,TCP,1460,47510  >  8888 [ACK] Seq=13473995 Ack=157 Win=87808 Len=1388 TSval=29486916 TSecr=2885411293,143172,123532,
17145,13.782863,10.234.187.248,147.46.244.85,TCP,1460,47510  >  8888 [ACK] Seq=13475383 Ack=157 Win=87808 Len=1388 TSval=29486918 TSecr=2885411299,144632,117980,
17146,13.78288,10.234.187.248,147.46.244.85,TCP,1460,47510  >  8888 [ACK] Seq=13476771 Ack=157 Win=87808 Len=1388 TSval=29486918 TSecr=2885411299,146092,119368,
17147,13.782922,10.234.187.248,147.46.244.85,TCP,1460,47510  >  8888 [ACK] Seq=13478159 Ack=157 Win=87808 Len=1388 TSval=29486918 TSecr=2885411299,147552,120756,
17148,13.782929,10.234.187.248,147.46.244.85,TCP,1460,47510  >  8888 [ACK] Seq=13479547 Ack=157 Win=87808 Len=1388 TSval=29486918 TSecr=2885411299,149012,122144,
17149,13.782968,10.234.187.248,147.46.244.85,TCP,1460,47510  >  8888 [ACK] Seq=13480935 Ack=157 Win=87808 Len=1388 TSval=29486918 TSecr=2885411299,150472,123532,
17150,13.782975,10.234.187.248,147.46.244.85,TCP,1460,47510  >  8888 [ACK] Seq=13482323 Ack=157 Win=87808 Len=1388 TSval=29486918 TSecr=2885411299,151932,124920,
17155,13.788367,10.234.187.248,147.46.244.85,TCP,1460,47510  >  8888 [ACK] Seq=13483711 Ack=157 Win=87808 Len=1388 TSval=29486920 TSecr=2885411300,153392,120756,
17156,13.788384,10.234.187.248,147.46.244.85,TCP,1460,47510  >  8888 [ACK] Seq=13485099 Ack=157 Win=87808 Len=1388 TSval=29486920 TSecr=2885411300,154852,122144,
17157,13.78843,10.234.187.248,147.46.244.85,TCP,1460,47510  >  8888 [ACK] Seq=13486487 Ack=157 Win=87808 Len=1388 TSval=29486920 TSecr=2885411300,156312,123532,
17158,13.788438,10.234.187.248,147.46.244.85,TCP,1460,47510  >  8888 [ACK] Seq=13487875 Ack=157 Win=87808 Len=1388 TSval=29486920 TSecr=2885411300,157772,124920,
17160,13.788526,10.234.187.248,147.46.244.85,TCP,1460,47510  >  8888 [ACK] Seq=13489263 Ack=157 Win=87808 Len=1388 TSval=29486920 TSecr=2885411300,159232,123532,
17161,13.788535,10.234.187.248,147.46.244.85,TCP,1460,47510  >  8888 [ACK] Seq=13490651 Ack=157 Win=87808 Len=1388 TSval=29486920 TSecr=2885411300,160692,124920,
17164,13.788653,10.234.187.248,147.46.244.85,TCP,1460,47510  >  8888 [ACK] Seq=13492039 Ack=157 Win=87808 Len=1388 TSval=29486920 TSecr=2885411301,162152,122144,
17165,13.788663,10.234.187.248,147.46.244.85,TCP,1460,47510  >  8888 [ACK] Seq=13493427 Ack=157 Win=87808 Len=1388 TSval=29486920 TSecr=2885411301,163612,123532,
17169,13.794224,10.234.187.248,147.46.244.85,TCP,1460,47510  >  8888 [ACK] Seq=13494815 Ack=157 Win=87808 Len=1388 TSval=29486922 TSecr=2885411311,165072,117980,
17170,13.794245,10.234.187.248,147.46.244.85,TCP,1460,47510  >  8888 [ACK] Seq=13496203 Ack=157 Win=87808 Len=1388 TSval=29486922 TSecr=2885411311,166532,119368,
17171,13.794284,10.234.187.248,147.46.244.85,TCP,1460,47510  >  8888 [ACK] Seq=13497591 Ack=157 Win=87808 Len=1388 TSval=29486922 TSecr=2885411311,167992,120756,
17172,13.794291,10.234.187.248,147.46.244.85,TCP,1460,47510  >  8888 [ACK] Seq=13498979 Ack=157 Win=87808 Len=1388 TSval=29486922 TSecr=2885411311,169452,122144,
17173,13.794325,10.234.187.248,147.46.244.85,TCP,1460,47510  >  8888 [ACK] Seq=13500367 Ack=157 Win=87808 Len=1388 TSval=29486922 TSecr=2885411311,170912,123532,
17174,13.794331,10.234.187.248,147.46.244.85,TCP,1460,47510  >  8888 [ACK] Seq=13501755 Ack=157 Win=87808 Len=1388 TSval=29486922 TSecr=2885411311,172372,124920,
17177,13.794426,10.234.187.248,147.46.244.85,TCP,1460,47510  >  8888 [ACK] Seq=13503143 Ack=157 Win=87808 Len=1388 TSval=29486922 TSecr=2885411311,173832,117980,
17178,13.794433,10.234.187.248,147.46.244.85,TCP,1460,47510  >  8888 [ACK] Seq=13504531 Ack=157 Win=87808 Len=1388 TSval=29486922 TSecr=2885411311,175292,119368,
17179,13.794467,10.234.187.248,147.46.244.85,TCP,1460,47510  >  8888 [ACK] Seq=13505919 Ack=157 Win=87808 Len=1388 TSval=29486922 TSecr=2885411311,176752,120756,
17180,13.794473,10.234.187.248,147.46.244.85,TCP,1460,47510  >  8888 [ACK] Seq=13507307 Ack=157 Win=87808 Len=1388 TSval=29486922 TSecr=2885411311,178212,122144,
17181,13.794504,10.234.187.248,147.46.244.85,TCP,1460,47510  >  8888 [ACK] Seq=13508695 Ack=157 Win=87808 Len=1388 TSval=29486922 TSecr=2885411311,179672,123532,
17183,13.794531,10.234.187.248,147.46.244.85,TCP,1460,47510  >  8888 [ACK] Seq=13510083 Ack=157 Win=87808 Len=1388 TSval=29486922 TSecr=2885411311,181132,124920,
17185,13.794606,10.234.187.248,147.46.244.85,TCP,1460,47510  >  8888 [ACK] Seq=13511471 Ack=157 Win=87808 Len=1388 TSval=29486922 TSecr=2885411312,182592,116592,
17186,13.794614,10.234.187.248,147.46.244.85,TCP,1460,47510  >  8888 [ACK] Seq=13512859 Ack=157 Win=87808 Len=1388 TSval=29486922 TSecr=2885411312,184052,117980,
17187,13.794649,10.234.187.248,147.46.244.85,TCP,1460,47510  >  8888 [ACK] Seq=13514247 Ack=157 Win=87808 Len=1388 TSval=29486922 TSecr=2885411312,185512,119368,
17188,13.794655,10.234.187.248,147.46.244.85,TCP,1460,47510  >  8888 [ACK] Seq=13515635 Ack=157 Win=87808 Len=1388 TSval=29486922 TSecr=2885411312,186972,120756,
17190,13.794713,10.234.187.248,147.46.244.85,TCP,1460,47510  >  8888 [ACK] Seq=13517023 Ack=157 Win=87808 Len=1388 TSval=29486922 TSecr=2885411312,188432,122144,
17191,13.794719,10.234.187.248,147.46.244.85,TCP,1460,47510  >  8888 [ACK] Seq=13518411 Ack=157 Win=87808 Len=1388 TSval=29486922 TSecr=2885411312,189892,123532,
17195,13.800154,10.234.187.248,147.46.244.85,TCP,1460,47510  >  8888 [ACK] Seq=13519799 Ack=157 Win=87808 Len=1388 TSval=29486924 TSecr=2885411316,191352,120756,
17196,13.800169,10.234.187.248,147.46.244.85,TCP,1460,47510  >  8888 [ACK] Seq=13521187 Ack=157 Win=87808 Len=1388 TSval=29486924 TSecr=2885411316,192812,122144,
17197,13.800205,10.234.187.248,147.46.244.85,TCP,1460,47510  >  8888 [ACK] Seq=13522575 Ack=157 Win=87808 Len=1388 TSval=29486924 TSecr=2885411316,194272,123532,
17198,13.800213,10.234.187.248,147.46.244.85,TCP,1460,47510  >  8888 [ACK] Seq=13523963 Ack=157 Win=87808 Len=1388 TSval=29486924 TSecr=2885411316,195732,124920,
17200,13.800279,10.234.187.248,147.46.244.85,TCP,1460,47510  >  8888 [ACK] Seq=13525351 Ack=157 Win=87808 Len=1388 TSval=29486924 TSecr=2885411317,197192,123532,
17201,13.800286,10.234.187.248,147.46.244.85,TCP,1460,47510  >  8888 [ACK] Seq=13526739 Ack=157 Win=87808 Len=1388 TSval=29486924 TSecr=2885411317,198652,124920,
17204,13.800382,10.234.187.248,147.46.244.85,TCP,1460,47510  >  8888 [ACK] Seq=13528127 Ack=157 Win=87808 Len=1388 TSval=29486924 TSecr=2885411317,200112,117980,
17205,13.800389,10.234.187.248,147.46.244.85,TCP,1460,47510  >  8888 [ACK] Seq=13529515 Ack=157 Win=87808 Len=1388 TSval=29486924 TSecr=2885411317,201572,119368,
17206,13.800423,10.234.187.248,147.46.244.85,TCP,1460,47510  >  8888 [ACK] Seq=13530903 Ack=157 Win=87808 Len=1388 TSval=29486924 TSecr=2885411317,203032,120756,
17207,13.800429,10.234.187.248,147.46.244.85,TCP,1460,47510  >  8888 [ACK] Seq=13532291 Ack=157 Win=87808 Len=1388 TSval=29486924 TSecr=2885411317,204492,122144,
17208,13.800463,10.234.187.248,147.46.244.85,TCP,1460,47510  >  8888 [ACK] Seq=13533679 Ack=157 Win=87808 Len=1388 TSval=29486924 TSecr=2885411317,205952,123532,
17210,13.800491,10.234.187.248,147.46.244.85,TCP,1460,47510  >  8888 [ACK] Seq=13535067 Ack=157 Win=87808 Len=1388 TSval=29486924 TSecr=2885411317,207412,124920,
17214,13.806214,10.234.187.248,147.46.244.85,TCP,1460,47510  >  8888 [ACK] Seq=13536455 Ack=157 Win=87808 Len=1388 TSval=29486925 TSecr=2885411320,208872,123532,
17215,13.806233,10.234.187.248,147.46.244.85,TCP,1460,47510  >  8888 [ACK] Seq=13537843 Ack=157 Win=87808 Len=1388 TSval=29486925 TSecr=2885411320,210332,124920,
17217,13.806327,10.234.187.248,147.46.244.85,TCP,1460,47510  >  8888 [ACK] Seq=13539231 Ack=157 Win=87808 Len=1388 TSval=29486925 TSecr=2885411320,211792,120756,
17218,13.806337,10.234.187.248,147.46.244.85,TCP,1460,47510  >  8888 [ACK] Seq=13540619 Ack=157 Win=87808 Len=1388 TSval=29486925 TSecr=2885411320,213252,122144,
17219,13.80638,10.234.187.248,147.46.244.85,TCP,1460,47510  >  8888 [ACK] Seq=13542007 Ack=157 Win=87808 Len=1388 TSval=29486925 TSecr=2885411320,214712,123532,
17220,13.806389,10.234.187.248,147.46.244.85,TCP,1460,47510  >  8888 [ACK] Seq=13543395 Ack=157 Win=87808 Len=1388 TSval=29486925 TSecr=2885411320,216172,124920,
17223,13.806552,10.234.187.248,147.46.244.85,TCP,1460,47510  >  8888 [ACK] Seq=13544783 Ack=157 Win=87808 Len=1388 TSval=29486926 TSecr=2885411323,217632,120756,
17224,13.806563,10.234.187.248,147.46.244.85,TCP,1460,47510  >  8888 [ACK] Seq=13546171 Ack=157 Win=87808 Len=1388 TSval=29486926 TSecr=2885411323,219092,122144,
17225,13.806608,10.234.187.248,147.46.244.85,TCP,1460,47510  >  8888 [ACK] Seq=13547559 Ack=157 Win=87808 Len=1388 TSval=29486926 TSecr=2885411323,220552,123532,
17226,13.806616,10.234.187.248,147.46.244.85,TCP,1460,47510  >  8888 [ACK] Seq=13548947 Ack=157 Win=87808 Len=1388 TSval=29486926 TSecr=2885411323,222012,124920,
17228,13.806699,10.234.187.248,147.46.244.85,TCP,1460,47510  >  8888 [ACK] Seq=13550335 Ack=157 Win=87808 Len=1388 TSval=29486926 TSecr=2885411323,223472,123532,
17230,13.806735,10.234.187.248,147.46.244.85,TCP,1460,47510  >  8888 [ACK] Seq=13551723 Ack=157 Win=87808 Len=1388 TSval=29486926 TSecr=2885411323,224932,124920,
17234,13.81182,10.234.187.248,147.46.244.85,TCP,1460,47510  >  8888 [ACK] Seq=13553111 Ack=157 Win=87808 Len=1388 TSval=29486927 TSecr=2885411324,226392,123532,
17235,13.811839,10.234.187.248,147.46.244.85,TCP,1460,47510  >  8888 [ACK] Seq=13554499 Ack=157 Win=87808 Len=1388 TSval=29486927 TSecr=2885411324,227852,124920,
17237,13.811933,10.234.187.248,147.46.244.85,TCP,1460,47510  >  8888 [ACK] Seq=13555887 Ack=157 Win=87808 Len=1388 TSval=29486927 TSecr=2885411326,229312,120756,
17238,13.811943,10.234.187.248,147.46.244.85,TCP,1460,47510  >  8888 [ACK] Seq=13557275 Ack=157 Win=87808 Len=1388 TSval=29486927 TSecr=2885411326,230772,122144,
17239,13.811986,10.234.187.248,147.46.244.85,TCP,1460,47510  >  8888 [ACK] Seq=13558663 Ack=157 Win=87808 Len=1388 TSval=29486927 TSecr=2885411326,232232,123532,
17240,13.811995,10.234.187.248,147.46.244.85,TCP,1460,47510  >  8888 [ACK] Seq=13560051 Ack=157 Win=87808 Len=1388 TSval=29486927 TSecr=2885411326,233692,124920,
17243,13.81212,10.234.187.248,147.46.244.85,TCP,1460,47510  >  8888 [ACK] Seq=13561439 Ack=157 Win=87808 Len=1388 TSval=29486927 TSecr=2885411329,235152,120756,
17244,13.812132,10.234.187.248,147.46.244.85,TCP,1460,47510  >  8888 [ACK] Seq=13562827 Ack=157 Win=87808 Len=1388 TSval=29486927 TSecr=2885411329,236612,122144,
17245,13.812176,10.234.187.248,147.46.244.85,TCP,1460,47510  >  8888 [ACK] Seq=13564215 Ack=157 Win=87808 Len=1388 TSval=29486927 TSecr=2885411329,238072,123532,
17246,13.812184,10.234.187.248,147.46.244.85,TCP,1460,47510  >  8888 [ACK] Seq=13565603 Ack=157 Win=87808 Len=1388 TSval=29486927 TSecr=2885411329,239532,124920,
17248,13.812267,10.234.187.248,147.46.244.85,TCP,1460,47510  >  8888 [ACK] Seq=13566991 Ack=157 Win=87808 Len=1388 TSval=29486927 TSecr=2885411329,240992,123532,
17250,13.812304,10.234.187.248,147.46.244.85,TCP,1460,47510  >  8888 [ACK] Seq=13568379 Ack=157 Win=87808 Len=1388 TSval=29486927 TSecr=2885411329,242452,124920,
17252,13.812398,10.234.187.248,147.46.244.85,TCP,1460,47510  >  8888 [ACK] Seq=13569767 Ack=157 Win=87808 Len=1388 TSval=29486927 TSecr=2885411331,243912,122144,
17253,13.812409,10.234.187.248,147.46.244.85,TCP,1460,47510  >  8888 [ACK] Seq=13571155 Ack=157 Win=87808 Len=1388 TSval=29486927 TSecr=2885411331,245372,123532,
17255,13.812489,10.234.187.248,147.46.244.85,TCP,1460,47510  >  8888 [ACK] Seq=13572543 Ack=157 Win=87808 Len=1388 TSval=29486927 TSecr=2885411334,246832,122144,
17256,13.812499,10.234.187.248,147.46.244.85,TCP,1460,47510  >  8888 [ACK] Seq=13573931 Ack=157 Win=87808 Len=1388 TSval=29486927 TSecr=2885411334,248292,123532,
17258,13.812567,10.234.187.248,147.46.244.85,TCP,1460,47510  >  8888 [ACK] Seq=13575319 Ack=157 Win=87808 Len=1388 TSval=29486927 TSecr=2885411334,249752,124920,
17262,13.817824,10.234.187.248,147.46.244.85,TCP,1460,47510  >  8888 [ACK] Seq=13576707 Ack=157 Win=87808 Len=1388 TSval=29486929 TSecr=2885411334,251212,120756,
17263,13.817842,10.234.187.248,147.46.244.85,TCP,1460,47510  >  8888 [ACK] Seq=13578095 Ack=157 Win=87808 Len=1388 TSval=29486929 TSecr=2885411334,252672,122144,
17264,13.817884,10.234.187.248,147.46.244.85,TCP,1460,47510  >  8888 [ACK] Seq=13579483 Ack=157 Win=87808 Len=1388 TSval=29486929 TSecr=2885411334,254132,123532,
17265,13.817892,10.234.187.248,147.46.244.85,TCP,1460,47510  >  8888 [ACK] Seq=13580871 Ack=157 Win=87808 Len=1388 TSval=29486929 TSecr=2885411334,255592,124920,
17267,13.817966,10.234.187.248,147.46.244.85,TCP,1460,47510  >  8888 [ACK] Seq=13582259 Ack=157 Win=87808 Len=1388 TSval=29486929 TSecr=2885411337,257052,123532,
17268,13.817975,10.234.187.248,147.46.244.85,TCP,1460,47510  >  8888 [ACK] Seq=13583647 Ack=157 Win=87808 Len=1388 TSval=29486929 TSecr=2885411337,258512,124920,
17273,13.854298,10.234.187.248,147.46.244.85,TCP,1460,47510  >  8888 [ACK] Seq=13585035 Ack=157 Win=87808 Len=1388 TSval=29486940 TSecr=2885411377,259972,123532,
17275,13.854387,10.234.187.248,147.46.244.85,TCP,1460,47510  >  8888 [ACK] Seq=13586423 Ack=157 Win=87808 Len=1388 TSval=29486940 TSecr=2885411377,261432,124920,
17279,13.865644,10.234.187.248,147.46.244.85,TCP,1460,47510  >  8888 [ACK] Seq=13587811 Ack=157 Win=87808 Len=1388 TSval=29486943 TSecr=2885411382,262892,123532,
17281,13.86569,10.234.187.248,147.46.244.85,TCP,1460,47510  >  8888 [ACK] Seq=13589199 Ack=157 Win=87808 Len=1388 TSval=29486943 TSecr=2885411382,264352,124920,
17285,13.871417,10.234.187.248,147.46.244.85,TCP,1460,47510  >  8888 [ACK] Seq=13590587 Ack=157 Win=87808 Len=1388 TSval=29486945 TSecr=2885411388,265812,123532,
17286,13.871435,10.234.187.248,147.46.244.85,TCP,1460,47510  >  8888 [ACK] Seq=13591975 Ack=157 Win=87808 Len=1388 TSval=29486945 TSecr=2885411388,267272,124920,
17288,13.871527,10.234.187.248,147.46.244.85,TCP,1460,47510  >  8888 [ACK] Seq=13593363 Ack=157 Win=87808 Len=1388 TSval=29486945 TSecr=2885411388,268732,120756,
17289,13.871537,10.234.187.248,147.46.244.85,TCP,1460,47510  >  8888 [ACK] Seq=13594751 Ack=157 Win=87808 Len=1388 TSval=29486945 TSecr=2885411388,270192,122144,
17290,13.871576,10.234.187.248,147.46.244.85,TCP,1460,47510  >  8888 [ACK] Seq=13596139 Ack=157 Win=87808 Len=1388 TSval=29486945 TSecr=2885411388,271652,123532,
17291,13.871582,10.234.187.248,147.46.244.85,TCP,1460,47510  >  8888 [ACK] Seq=13597527 Ack=157 Win=87808 Len=1388 TSval=29486945 TSecr=2885411388,273112,124920,
17294,13.871687,10.234.187.248,147.46.244.85,TCP,1460,47510  >  8888 [ACK] Seq=13598915 Ack=157 Win=87808 Len=1388 TSval=29486945 TSecr=2885411389,274572,119368,
17295,13.871696,10.234.187.248,147.46.244.85,TCP,1460,47510  >  8888 [ACK] Seq=13600303 Ack=157 Win=87808 Len=1388 TSval=29486945 TSecr=2885411389,276032,120756,
17296,13.871734,10.234.187.248,147.46.244.85,TCP,1460,47510  >  8888 [ACK] Seq=13601691 Ack=157 Win=87808 Len=1388 TSval=29486945 TSecr=2885411389,277492,122144,
17297,13.871743,10.234.187.248,147.46.244.85,TCP,1460,47510  >  8888 [ACK] Seq=13603079 Ack=157 Win=87808 Len=1388 TSval=29486945 TSecr=2885411389,278952,123532,
17299,13.871813,10.234.187.248,147.46.244.85,TCP,1460,47510  >  8888 [ACK] Seq=13604467 Ack=157 Win=87808 Len=1388 TSval=29486945 TSecr=2885411395,280412,117980,
17301,13.871844,10.234.187.248,147.46.244.85,TCP,1460,47510  >  8888 [ACK] Seq=13605855 Ack=157 Win=87808 Len=1388 TSval=29486945 TSecr=2885411395,281872,119368,
17302,13.871886,10.234.187.248,147.46.244.85,TCP,1460,47510  >  8888 [ACK] Seq=13607243 Ack=157 Win=87808 Len=1388 TSval=29486945 TSecr=2885411395,283332,120756,
17303,13.871894,10.234.187.248,147.46.244.85,TCP,1460,47510  >  8888 [ACK] Seq=13608631 Ack=157 Win=87808 Len=1388 TSval=29486945 TSecr=2885411395,284792,122144,
17304,13.87193,10.234.187.248,147.46.244.85,TCP,1460,47510  >  8888 [ACK] Seq=13610019 Ack=157 Win=87808 Len=1388 TSval=29486945 TSecr=2885411395,286252,123532,
17305,13.871938,10.234.187.248,147.46.244.85,TCP,1460,47510  >  8888 [ACK] Seq=13611407 Ack=157 Win=87808 Len=1388 TSval=29486945 TSecr=2885411395,287712,124920,
17310,13.881261,10.234.187.248,147.46.244.85,TCP,1460,47510  >  8888 [ACK] Seq=13612795 Ack=157 Win=87808 Len=1388 TSval=29486948 TSecr=2885411395,289172,117980,
17311,13.881288,10.234.187.248,147.46.244.85,TCP,1460,47510  >  8888 [ACK] Seq=13614183 Ack=157 Win=87808 Len=1388 TSval=29486948 TSecr=2885411395,290632,119368,
17312,13.881343,10.234.187.248,147.46.244.85,TCP,1460,47510  >  8888 [ACK] Seq=13615571 Ack=157 Win=87808 Len=1388 TSval=29486948 TSecr=2885411395,292092,120756,
17313,13.881352,10.234.187.248,147.46.244.85,TCP,1460,47510  >  8888 [ACK] Seq=13616959 Ack=157 Win=87808 Len=1388 TSval=29486948 TSecr=2885411395,293552,122144,
17314,13.881395,10.234.187.248,147.46.244.85,TCP,1460,47510  >  8888 [ACK] Seq=13618347 Ack=157 Win=87808 Len=1388 TSval=29486948 TSecr=2885411395,295012,123532,
17315,13.881403,10.234.187.248,147.46.244.85,TCP,1460,47510  >  8888 [ACK] Seq=13619735 Ack=157 Win=87808 Len=1388 TSval=29486948 TSecr=2885411395,296472,124920,
17318,13.881536,10.234.187.248,147.46.244.85,TCP,1460,47510  >  8888 [ACK] Seq=13621123 Ack=157 Win=87808 Len=1388 TSval=29486948 TSecr=2885411396,297932,122144,
17319,13.881546,10.234.187.248,147.46.244.85,TCP,1460,47510  >  8888 [ACK] Seq=13622511 Ack=157 Win=87808 Len=1388 TSval=29486948 TSecr=2885411396,299392,123532,
17321,13.881638,10.234.187.248,147.46.244.85,TCP,1460,47510  >  8888 [ACK] Seq=13623899 Ack=157 Win=87808 Len=1388 TSval=29486948 TSecr=2885411401,300852,117980,
17322,13.881648,10.234.187.248,147.46.244.85,TCP,1460,47510  >  8888 [ACK] Seq=13625287 Ack=157 Win=87808 Len=1388 TSval=29486948 TSecr=2885411401,302312,119368,
17323,13.881689,10.234.187.248,147.46.244.85,TCP,1460,47510  >  8888 [ACK] Seq=13626675 Ack=157 Win=87808 Len=1388 TSval=29486948 TSecr=2885411401,303772,120756,
17325,13.881726,10.234.187.248,147.46.244.85,TCP,1460,47510  >  8888 [ACK] Seq=13628063 Ack=157 Win=87808 Len=1388 TSval=29486948 TSecr=2885411401,305232,122144,
17326,13.881773,10.234.187.248,147.46.244.85,TCP,1460,47510  >  8888 [ACK] Seq=13629451 Ack=157 Win=87808 Len=1388 TSval=29486948 TSecr=2885411401,306692,123532,
17327,13.881781,10.234.187.248,147.46.244.85,TCP,1460,47510  >  8888 [ACK] Seq=13630839 Ack=157 Win=87808 Len=1388 TSval=29486948 TSecr=2885411401,308152,124920,
17329,13.881871,10.234.187.248,147.46.244.85,TCP,1460,47510  >  8888 [ACK] Seq=13632227 Ack=157 Win=87808 Len=1388 TSval=29486948 TSecr=2885411402,309612,117980,
17330,13.881882,10.234.187.248,147.46.244.85,TCP,1460,47510  >  8888 [ACK] Seq=13633615 Ack=157 Win=87808 Len=1388 TSval=29486948 TSecr=2885411402,311072,119368,
17332,13.881955,10.234.187.248,147.46.244.85,TCP,1460,47510  >  8888 [ACK] Seq=13635003 Ack=157 Win=87808 Len=1388 TSval=29486948 TSecr=2885411402,312532,120756,
17333,13.881964,10.234.187.248,147.46.244.85,TCP,1460,47510  >  8888 [ACK] Seq=13636391 Ack=157 Win=87808 Len=1388 TSval=29486948 TSecr=2885411402,313992,122144,
17334,13.882009,10.234.187.248,147.46.244.85,TCP,1460,47510  >  8888 [ACK] Seq=13637779 Ack=157 Win=87808 Len=1388 TSval=29486948 TSecr=2885411402,315452,123532,
17335,13.882019,10.234.187.248,147.46.244.85,TCP,1460,47510  >  8888 [ACK] Seq=13639167 Ack=157 Win=87808 Len=1388 TSval=29486948 TSecr=2885411402,316912,124920,
17337,13.882098,10.234.187.248,147.46.244.85,TCP,1460,47510  >  8888 [ACK] Seq=13640555 Ack=157 Win=87808 Len=1388 TSval=29486948 TSecr=2885411403,318372,122144,
17339,13.882273,10.234.187.248,147.46.244.85,TCP,1460,47510  >  8888 [ACK] Seq=13641943 Ack=157 Win=87808 Len=1388 TSval=29486948 TSecr=2885411403,319832,123532,
17340,13.882284,10.234.187.248,147.46.244.85,TCP,1460,47510  >  8888 [ACK] Seq=13643331 Ack=157 Win=87808 Len=1388 TSval=29486948 TSecr=2885411403,321292,124920,
17344,13.886966,10.234.187.248,147.46.244.85,TCP,1460,47510  >  8888 [ACK] Seq=13644719 Ack=157 Win=87808 Len=1388 TSval=29486950 TSecr=2885411408,322752,119368,
17345,13.886981,10.234.187.248,147.46.244.85,TCP,1460,47510  >  8888 [ACK] Seq=13646107 Ack=157 Win=87808 Len=1388 TSval=29486950 TSecr=2885411408,324212,120756,
17346,13.887018,10.234.187.248,147.46.244.85,TCP,1460,47510  >  8888 [ACK] Seq=13647495 Ack=157 Win=87808 Len=1388 TSval=29486950 TSecr=2885411408,325672,122144,
17347,13.887027,10.234.187.248,147.46.244.85,TCP,1460,47510  >  8888 [ACK] Seq=13648883 Ack=157 Win=87808 Len=1388 TSval=29486950 TSecr=2885411408,327132,123532,
17349,13.887107,10.234.187.248,147.46.244.85,TCP,1460,47510  >  8888 [ACK] Seq=13650271 Ack=157 Win=87808 Len=1388 TSval=29486950 TSecr=2885411408,328592,116592,
17350,13.887117,10.234.187.248,147.46.244.85,TCP,1460,47510  >  8888 [ACK] Seq=13651659 Ack=157 Win=87808 Len=1388 TSval=29486950 TSecr=2885411408,330052,117980,
17352,13.88718,10.234.187.248,147.46.244.85,TCP,1460,47510  >  8888 [ACK] Seq=13653047 Ack=157 Win=87808 Len=1388 TSval=29486950 TSecr=2885411408,331512,119368,
17353,13.887191,10.234.187.248,147.46.244.85,TCP,1460,47510  >  8888 [ACK] Seq=13654435 Ack=157 Win=87808 Len=1388 TSval=29486950 TSecr=2885411408,332972,120756,
17354,13.887245,10.234.187.248,147.46.244.85,TCP,1460,47510  >  8888 [ACK] Seq=13655823 Ack=157 Win=87808 Len=1388 TSval=29486950 TSecr=2885411408,334432,122144,
17355,13.88729,10.234.187.248,147.46.244.85,TCP,1460,47510  >  8888 [ACK] Seq=13657211 Ack=157 Win=87808 Len=1388 TSval=29486950 TSecr=2885411408,335892,123532,
17359,13.895314,10.234.187.248,147.46.244.85,TCP,1460,47510  >  8888 [ACK] Seq=13658599 Ack=157 Win=87808 Len=1388 TSval=29486952 TSecr=2885411409,337352,120756,
17360,13.895337,10.234.187.248,147.46.244.85,TCP,1460,47510  >  8888 [ACK] Seq=13659987 Ack=157 Win=87808 Len=1388 TSval=29486952 TSecr=2885411409,338812,122144,
17361,13.895387,10.234.187.248,147.46.244.85,TCP,1460,47510  >  8888 [ACK] Seq=13661375 Ack=157 Win=87808 Len=1388 TSval=29486952 TSecr=2885411409,340272,123532,
17362,13.895398,10.234.187.248,147.46.244.85,TCP,1460,47510  >  8888 [ACK] Seq=13662763 Ack=157 Win=87808 Len=1388 TSval=29486952 TSecr=2885411409,341732,124920,
17366,13.900024,10.234.187.248,147.46.244.85,TCP,1460,47510  >  8888 [ACK] Seq=13664151 Ack=157 Win=87808 Len=1388 TSval=29486954 TSecr=2885411414,343192,119368,
17367,13.900059,10.234.187.248,147.46.244.85,TCP,1460,47510  >  8888 [ACK] Seq=13665539 Ack=157 Win=87808 Len=1388 TSval=29486954 TSecr=2885411414,344652,120756,
17368,13.900117,10.234.187.248,147.46.244.85,TCP,1460,47510  >  8888 [ACK] Seq=13666927 Ack=157 Win=87808 Len=1388 TSval=29486954 TSecr=2885411414,346112,122144,
17369,13.900129,10.234.187.248,147.46.244.85,TCP,1460,47510  >  8888 [ACK] Seq=13668315 Ack=157 Win=87808 Len=1388 TSval=29486954 TSecr=2885411414,347572,123532,
17371,13.900247,10.234.187.248,147.46.244.85,TCP,1460,47510  >  8888 [ACK] Seq=13669703 Ack=157 Win=87808 Len=1388 TSval=29486954 TSecr=2885411415,349032,116592,
17372,13.900258,10.234.187.248,147.46.244.85,TCP,1460,47510  >  8888 [ACK] Seq=13671091 Ack=157 Win=87808 Len=1388 TSval=29486954 TSecr=2885411415,350492,117980,
17374,13.900362,10.234.187.248,147.46.244.85,TCP,1460,47510  >  8888 [ACK] Seq=13672479 Ack=157 Win=87808 Len=1388 TSval=29486954 TSecr=2885411415,351952,119368,
17375,13.900373,10.234.187.248,147.46.244.85,TCP,1460,47510  >  8888 [ACK] Seq=13673867 Ack=157 Win=87808 Len=1388 TSval=29486954 TSecr=2885411415,353412,120756,
17376,13.90042,10.234.187.248,147.46.244.85,TCP,1460,47510  >  8888 [ACK] Seq=13675255 Ack=157 Win=87808 Len=1388 TSval=29486954 TSecr=2885411415,354872,122144,
17377,13.90043,10.234.187.248,147.46.244.85,TCP,1460,47510  >  8888 [ACK] Seq=13676643 Ack=157 Win=87808 Len=1388 TSval=29486954 TSecr=2885411415,356332,123532,
17379,13.900526,10.234.187.248,147.46.244.85,TCP,1460,47510  >  8888 [ACK] Seq=13678031 Ack=157 Win=87808 Len=1388 TSval=29486954 TSecr=2885411416,357792,122144,
17381,13.90066,10.234.187.248,147.46.244.85,TCP,1460,47510  >  8888 [ACK] Seq=13679419 Ack=157 Win=87808 Len=1388 TSval=29486954 TSecr=2885411416,359252,123532,
17385,13.905556,10.234.187.248,147.46.244.85,TCP,1460,47510  >  8888 [ACK] Seq=13680807 Ack=157 Win=87808 Len=1388 TSval=29486955 TSecr=2885411420,360712,119368,
17386,13.905571,10.234.187.248,147.46.244.85,TCP,1460,47510  >  8888 [ACK] Seq=13682195 Ack=157 Win=87808 Len=1388 TSval=29486955 TSecr=2885411420,362172,120756,
17387,13.90561,10.234.187.248,147.46.244.85,TCP,1460,47510  >  8888 [ACK] Seq=13683583 Ack=157 Win=87808 Len=1388 TSval=29486955 TSecr=2885411420,363632,122144,
17388,13.905619,10.234.187.248,147.46.244.85,TCP,1460,47510  >  8888 [ACK] Seq=13684971 Ack=157 Win=87808 Len=1388 TSval=29486955 TSecr=2885411420,365092,123532,
17390,13.905699,10.234.187.248,147.46.244.85,TCP,1460,47510  >  8888 [ACK] Seq=13686359 Ack=157 Win=87808 Len=1388 TSval=29486955 TSecr=2885411421,366552,115204,
17391,13.905707,10.234.187.248,147.46.244.85,TCP,1460,47510  >  8888 [ACK] Seq=13687747 Ack=157 Win=87808 Len=1388 TSval=29486955 TSecr=2885411421,368012,116592,
17393,13.905767,10.234.187.248,147.46.244.85,TCP,1460,47510  >  8888 [ACK] Seq=13689135 Ack=157 Win=87808 Len=1388 TSval=29486955 TSecr=2885411421,369472,117980,
17394,13.905774,10.234.187.248,147.46.244.85,TCP,1460,47510  >  8888 [ACK] Seq=13690523 Ack=157 Win=87808 Len=1388 TSval=29486955 TSecr=2885411421,370932,119368,
17395,13.905829,10.234.187.248,147.46.244.85,TCP,1460,47510  >  8888 [ACK] Seq=13691911 Ack=157 Win=87808 Len=1388 TSval=29486955 TSecr=2885411421,372392,120756,
17396,13.905836,10.234.187.248,147.46.244.85,TCP,1460,47510  >  8888 [ACK] Seq=13693299 Ack=157 Win=87808 Len=1388 TSval=29486955 TSecr=2885411421,373852,122144,
17397,13.905871,10.234.187.248,147.46.244.85,TCP,1460,47510  >  8888 [ACK] Seq=13694687 Ack=157 Win=87808 Len=1388 TSval=29486955 TSecr=2885411421,375312,123532,
17399,13.905898,10.234.187.248,147.46.244.85,TCP,1460,47510  >  8888 [ACK] Seq=13696075 Ack=157 Win=87808 Len=1388 TSval=29486955 TSecr=2885411421,376772,124920,
17401,13.905968,10.234.187.248,147.46.244.85,TCP,1460,47510  >  8888 [ACK] Seq=13697463 Ack=157 Win=87808 Len=1388 TSval=29486955 TSecr=2885411422,378232,123532,
17402,13.905976,10.234.187.248,147.46.244.85,TCP,1460,47510  >  8888 [ACK] Seq=13698851 Ack=157 Win=87808 Len=1388 TSval=29486955 TSecr=2885411422,379692,124920,
17406,13.911426,10.234.187.248,147.46.244.85,TCP,1460,47510  >  8888 [ACK] Seq=13700239 Ack=157 Win=87808 Len=1388 TSval=29486957 TSecr=2885411424,381152,119368,
17407,13.911446,10.234.187.248,147.46.244.85,TCP,1460,47510  >  8888 [ACK] Seq=13701627 Ack=157 Win=87808 Len=1388 TSval=29486957 TSecr=2885411424,382612,120756,
17408,13.911486,10.234.187.248,147.46.244.85,TCP,1460,47510  >  8888 [ACK] Seq=13703015 Ack=157 Win=87808 Len=1388 TSval=29486957 TSecr=2885411424,384072,122144,
17409,13.911494,10.234.187.248,147.46.244.85,TCP,1460,47510  >  8888 [ACK] Seq=13704403 Ack=157 Win=87808 Len=1388 TSval=29486957 TSecr=2885411424,385532,123532,
17410,13.911525,10.234.187.248,147.46.244.85,TCP,1460,47510  >  8888 [ACK] Seq=13705791 Ack=157 Win=87808 Len=1388 TSval=29486957 TSecr=2885411424,386992,124920,
17412,13.911599,10.234.187.248,147.46.244.85,TCP,1460,47510  >  8888 [ACK] Seq=13707179 Ack=157 Win=87808 Len=1388 TSval=29486957 TSecr=2885411425,388452,123532,
17414,13.911631,10.234.187.248,147.46.244.85,TCP,1460,47510  >  8888 [ACK] Seq=13708567 Ack=157 Win=87808 Len=1388 TSval=29486957 TSecr=2885411425,389912,124920,
17418,13.944864,10.234.187.248,147.46.244.85,TCP,1460,47510  >  8888 [ACK] Seq=13709955 Ack=157 Win=87808 Len=1388 TSval=29486967 TSecr=2885411467,391372,123532,
17420,13.944926,10.234.187.248,147.46.244.85,TCP,1460,47510  >  8888 [ACK] Seq=13711343 Ack=157 Win=87808 Len=1388 TSval=29486967 TSecr=2885411467,392832,124920,
17424,13.956399,10.234.187.248,147.46.244.85,TCP,1460,47510  >  8888 [ACK] Seq=13712731 Ack=157 Win=87808 Len=1388 TSval=29486970 TSecr=2885411472,394292,122144,
17426,13.956438,10.234.187.248,147.46.244.85,TCP,1460,47510  >  8888 [ACK] Seq=13714119 Ack=157 Win=87808 Len=1388 TSval=29486970 TSecr=2885411472,395752,123532,
17427,13.956492,10.234.187.248,147.46.244.85,TCP,1460,47510  >  8888 [ACK] Seq=13715507 Ack=157 Win=87808 Len=1388 TSval=29486971 TSecr=2885411472,397212,124920,
17428,13.956502,10.234.187.248,147.46.244.85,TCP,1460,47510  >  8888 [ACK] Seq=13716895 Ack=157 Win=87808 Len=1388 TSval=29486971 TSecr=2885411472,398672,126308,
17430,13.956583,10.234.187.248,147.46.244.85,TCP,1460,47510  >  8888 [ACK] Seq=13718283 Ack=157 Win=87808 Len=1388 TSval=29486971 TSecr=2885411478,400132,123532,
17431,13.956592,10.234.187.248,147.46.244.85,TCP,1460,47510  >  8888 [ACK] Seq=13719671 Ack=157 Win=87808 Len=1388 TSval=29486971 TSecr=2885411478,401592,124920,
17435,13.963131,10.234.187.248,147.46.244.85,TCP,1460,47510  >  8888 [ACK] Seq=13721059 Ack=157 Win=87808 Len=1388 TSval=29486973 TSecr=2885411479,403052,122144,
17436,13.96316,10.234.187.248,147.46.244.85,TCP,1460,47510  >  8888 [ACK] Seq=13722447 Ack=157 Win=87808 Len=1388 TSval=29486973 TSecr=2885411479,404512,123532,
17437,13.963218,10.234.187.248,147.46.244.85,TCP,1460,47510  >  8888 [ACK] Seq=13723835 Ack=157 Win=87808 Len=1388 TSval=29486973 TSecr=2885411479,405972,124920,
17438,13.963226,10.234.187.248,147.46.244.85,TCP,1460,47510  >  8888 [ACK] Seq=13725223 Ack=157 Win=87808 Len=1388 TSval=29486973 TSecr=2885411479,407432,126308,
17442,13.969109,10.234.187.248,147.46.244.85,TCP,1460,47510  >  8888 [ACK] Seq=13726611 Ack=157 Win=87808 Len=1388 TSval=29486974 TSecr=2885411485,408892,120756,
17443,13.969131,10.234.187.248,147.46.244.85,TCP,1460,47510  >  8888 [ACK] Seq=13727999 Ack=157 Win=87808 Len=1388 TSval=29486974 TSecr=2885411485,410352,122144,
17444,13.969185,10.234.187.248,147.46.244.85,TCP,1460,47510  >  8888 [ACK] Seq=13729387 Ack=157 Win=87808 Len=1388 TSval=29486974 TSecr=2885411485,411812,123532,
17445,13.969195,10.234.187.248,147.46.244.85,TCP,1460,47510  >  8888 [ACK] Seq=13730775 Ack=157 Win=87808 Len=1388 TSval=29486974 TSecr=2885411485,413272,124920,
17447,13.969293,10.234.187.248,147.46.244.85,TCP,1460,47510  >  8888 [ACK] Seq=13732163 Ack=157 Win=87808 Len=1388 TSval=29486974 TSecr=2885411486,414732,119368,
17448,13.969306,10.234.187.248,147.46.244.85,TCP,1460,47510  >  8888 [ACK] Seq=13733551 Ack=157 Win=87808 Len=1388 TSval=29486974 TSecr=2885411486,416192,120756,
17450,13.969393,10.234.187.248,147.46.244.85,TCP,1460,47510  >  8888 [ACK] Seq=13734939 Ack=157 Win=87808 Len=1388 TSval=29486974 TSecr=2885411486,417652,122144,
17451,13.969405,10.234.187.248,147.46.244.85,TCP,1460,47510  >  8888 [ACK] Seq=13736327 Ack=157 Win=87808 Len=1388 TSval=29486974 TSecr=2885411486,419112,123532,
17452,13.969453,10.234.187.248,147.46.244.85,TCP,1460,47510  >  8888 [ACK] Seq=13737715 Ack=157 Win=87808 Len=1388 TSval=29486974 TSecr=2885411486,420572,124920,
17453,13.969464,10.234.187.248,147.46.244.85,TCP,1460,47510  >  8888 [ACK] Seq=13739103 Ack=157 Win=87808 Len=1388 TSval=29486974 TSecr=2885411486,422032,126308,
17455,13.969563,10.234.187.248,147.46.244.85,TCP,1460,47510  >  8888 [ACK] Seq=13740491 Ack=157 Win=87808 Len=1388 TSval=29486974 TSecr=2885411487,423492,123532,
17457,13.969604,10.234.187.248,147.46.244.85,TCP,1460,47510  >  8888 [ACK] Seq=13741879 Ack=157 Win=87808 Len=1388 TSval=29486974 TSecr=2885411487,424952,124920,
17461,13.974858,10.234.187.248,147.46.244.85,TCP,1460,47510  >  8888 [ACK] Seq=13743267 Ack=157 Win=87808 Len=1388 TSval=29486976 TSecr=2885411491,426412,119368,
17462,13.974871,10.234.187.248,147.46.244.85,TCP,1460,47510  >  8888 [ACK] Seq=13744655 Ack=157 Win=87808 Len=1388 TSval=29486976 TSecr=2885411491,427872,120756,
17463,13.974907,10.234.187.248,147.46.244.85,TCP,1460,47510  >  8888 [ACK] Seq=13746043 Ack=157 Win=87808 Len=1388 TSval=29486976 TSecr=2885411491,429332,122144,
17464,13.974913,10.234.187.248,147.46.244.85,TCP,1460,47510  >  8888 [ACK] Seq=13747431 Ack=157 Win=87808 Len=1388 TSval=29486976 TSecr=2885411491,430792,123532,
17465,13.974947,10.234.187.248,147.46.244.85,TCP,1460,47510  >  8888 [ACK] Seq=13748819 Ack=157 Win=87808 Len=1388 TSval=29486976 TSecr=2885411491,432252,124920,
17466,13.974955,10.234.187.248,147.46.244.85,TCP,1460,47510  >  8888 [ACK] Seq=13750207 Ack=157 Win=87808 Len=1388 TSval=29486976 TSecr=2885411491,433712,126308,
17469,13.975058,10.234.187.248,147.46.244.85,TCP,1460,47510  >  8888 [ACK] Seq=13751595 Ack=157 Win=87808 Len=1388 TSval=29486976 TSecr=2885411492,435172,119368,
17470,13.975067,10.234.187.248,147.46.244.85,TCP,1460,47510  >  8888 [ACK] Seq=13752983 Ack=157 Win=87808 Len=1388 TSval=29486976 TSecr=2885411492,436632,120756,
17471,13.975102,10.234.187.248,147.46.244.85,TCP,1460,47510  >  8888 [ACK] Seq=13754371 Ack=157 Win=87808 Len=1388 TSval=29486976 TSecr=2885411492,438092,122144,
17472,13.975109,10.234.187.248,147.46.244.85,TCP,1460,47510  >  8888 [ACK] Seq=13755759 Ack=157 Win=87808 Len=1388 TSval=29486976 TSecr=2885411492,439552,123532,
17473,13.975142,10.234.187.248,147.46.244.85,TCP,1460,47510  >  8888 [ACK] Seq=13757147 Ack=157 Win=87808 Len=1388 TSval=29486976 TSecr=2885411492,441012,124920,
17475,13.97517,10.234.187.248,147.46.244.85,TCP,1460,47510  >  8888 [ACK] Seq=13758535 Ack=157 Win=87808 Len=1388 TSval=29486976 TSecr=2885411492,442472,126308,
17477,13.975246,10.234.187.248,147.46.244.85,TCP,1460,47510  >  8888 [ACK] Seq=13759923 Ack=157 Win=87808 Len=1388 TSval=29486976 TSecr=2885411493,443932,122144,
17478,13.975258,10.234.187.248,147.46.244.85,TCP,1460,47510  >  8888 [ACK] Seq=13761311 Ack=157 Win=87808 Len=1388 TSval=29486976 TSecr=2885411493,445392,123532,
17479,13.975293,10.234.187.248,147.46.244.85,TCP,1460,47510  >  8888 [ACK] Seq=13762699 Ack=157 Win=87808 Len=1388 TSval=29486976 TSecr=2885411493,446852,124920,
17480,13.9753,10.234.187.248,147.46.244.85,TCP,1460,47510  >  8888 [ACK] Seq=13764087 Ack=157 Win=87808 Len=1388 TSval=29486976 TSecr=2885411493,448312,126308,
17485,13.980688,10.234.187.248,147.46.244.85,TCP,1460,47510  >  8888 [ACK] Seq=13765475 Ack=157 Win=87808 Len=1388 TSval=29486978 TSecr=2885411498,449772,120756,
17486,13.980701,10.234.187.248,147.46.244.85,TCP,1460,47510  >  8888 [ACK] Seq=13766863 Ack=157 Win=87808 Len=1388 TSval=29486978 TSecr=2885411498,451232,122144,
17487,13.980737,10.234.187.248,147.46.244.85,TCP,1460,47510  >  8888 [ACK] Seq=13768251 Ack=157 Win=87808 Len=1388 TSval=29486978 TSecr=2885411498,452692,123532,
17488,13.980745,10.234.187.248,147.46.244.85,TCP,1460,47510  >  8888 [ACK] Seq=13769639 Ack=157 Win=87808 Len=1388 TSval=29486978 TSecr=2885411498,454152,124920,
17489,13.980775,10.234.187.248,147.46.244.85,TCP,1460,47510  >  8888 [ACK] Seq=13771027 Ack=157 Win=87808 Len=1388 TSval=29486978 TSecr=2885411498,455612,126308,
17493,13.986599,10.234.187.248,147.46.244.85,TCP,1460,47510  >  8888 [ACK] Seq=13772415 Ack=157 Win=87808 Len=1388 TSval=29486980 TSecr=2885411499,457072,120756,
17494,13.986617,10.234.187.248,147.46.244.85,TCP,1460,47510  >  8888 [ACK] Seq=13773803 Ack=157 Win=87808 Len=1388 TSval=29486980 TSecr=2885411499,458532,122144,
17495,13.986662,10.234.187.248,147.46.244.85,TCP,1460,47510  >  8888 [ACK] Seq=13775191 Ack=157 Win=87808 Len=1388 TSval=29486980 TSecr=2885411499,459992,123532,
17496,13.986671,10.234.187.248,147.46.244.85,TCP,1460,47510  >  8888 [ACK] Seq=13776579 Ack=157 Win=87808 Len=1388 TSval=29486980 TSecr=2885411499,461452,124920,
17498,13.986755,10.234.187.248,147.46.244.85,TCP,1460,47510  >  8888 [ACK] Seq=13777967 Ack=157 Win=87808 Len=1388 TSval=29486980 TSecr=2885411500,462912,117980,
17499,13.986766,10.234.187.248,147.46.244.85,TCP,1460,47510  >  8888 [ACK] Seq=13779355 Ack=157 Win=87808 Len=1388 TSval=29486980 TSecr=2885411500,464372,119368,
17501,13.986842,10.234.187.248,147.46.244.85,TCP,1460,47510  >  8888 [ACK] Seq=13780743 Ack=157 Win=87808 Len=1388 TSval=29486980 TSecr=2885411500,465832,120756,
17502,13.986852,10.234.187.248,147.46.244.85,TCP,1460,47510  >  8888 [ACK] Seq=13782131 Ack=157 Win=87808 Len=1388 TSval=29486980 TSecr=2885411500,467292,122144,
17503,13.986893,10.234.187.248,147.46.244.85,TCP,1460,47510  >  8888 [ACK] Seq=13783519 Ack=157 Win=87808 Len=1388 TSval=29486980 TSecr=2885411500,468752,123532,
17504,13.986901,10.234.187.248,147.46.244.85,TCP,1460,47510  >  8888 [ACK] Seq=13784907 Ack=157 Win=87808 Len=1388 TSval=29486980 TSecr=2885411500,470212,124920,
17506,13.986985,10.234.187.248,147.46.244.85,TCP,1460,47510  >  8888 [ACK] Seq=13786295 Ack=157 Win=87808 Len=1388 TSval=29486980 TSecr=2885411504,471672,123532,
17508,13.987019,10.234.187.248,147.46.244.85,TCP,1460,47510  >  8888 [ACK] Seq=13787683 Ack=157 Win=87808 Len=1388 TSval=29486980 TSecr=2885411504,473132,124920,
17510,13.987107,10.234.187.248,147.46.244.85,TCP,1460,47510  >  8888 [ACK] Seq=13789071 Ack=157 Win=87808 Len=1388 TSval=29486980 TSecr=2885411504,474592,122144,
17511,13.987117,10.234.187.248,147.46.244.85,TCP,1460,47510  >  8888 [ACK] Seq=13790459 Ack=157 Win=87808 Len=1388 TSval=29486980 TSecr=2885411504,476052,123532,
17512,13.987159,10.234.187.248,147.46.244.85,TCP,1460,47510  >  8888 [ACK] Seq=13791847 Ack=157 Win=87808 Len=1388 TSval=29486980 TSecr=2885411504,477512,124920,
17513,13.987167,10.234.187.248,147.46.244.85,TCP,1460,47510  >  8888 [ACK] Seq=13793235 Ack=157 Win=87808 Len=1388 TSval=29486980 TSecr=2885411504,478972,126308,
17516,13.98728,10.234.187.248,147.46.244.85,TCP,1460,47510  >  8888 [ACK] Seq=13794623 Ack=157 Win=87808 Len=1388 TSval=29486980 TSecr=2885411505,480432,120756,
17517,13.98729,10.234.187.248,147.46.244.85,TCP,1460,47510  >  8888 [ACK] Seq=13796011 Ack=157 Win=87808 Len=1388 TSval=29486980 TSecr=2885411505,481892,122144,
17518,13.987332,10.234.187.248,147.46.244.85,TCP,1460,47510  >  8888 [ACK] Seq=13797399 Ack=157 Win=87808 Len=1388 TSval=29486980 TSecr=2885411505,483352,123532,
17519,13.987342,10.234.187.248,147.46.244.85,TCP,1460,47510  >  8888 [ACK] Seq=13798787 Ack=157 Win=87808 Len=1388 TSval=29486980 TSecr=2885411505,484812,124920,
17521,13.987427,10.234.187.248,147.46.244.85,TCP,1460,47510  >  8888 [ACK] Seq=13800175 Ack=157 Win=87808 Len=1388 TSval=29486980 TSecr=2885411506,486272,119368,
17523,13.987464,10.234.187.248,147.46.244.85,TCP,1460,47510  >  8888 [ACK] Seq=13801563 Ack=157 Win=87808 Len=1388 TSval=29486980 TSecr=2885411506,487732,120756,
17524,13.987899,10.234.187.248,147.46.244.85,TCP,1460,47510  >  8888 [ACK] Seq=13802951 Ack=157 Win=87808 Len=1388 TSval=29486980 TSecr=2885411506,489192,122144,
17525,13.98791,10.234.187.248,147.46.244.85,TCP,1460,47510  >  8888 [ACK] Seq=13804339 Ack=157 Win=87808 Len=1388 TSval=29486980 TSecr=2885411506,490652,123532,
17526,13.988442,10.234.187.248,147.46.244.85,TCP,1460,47510  >  8888 [ACK] Seq=13805727 Ack=157 Win=87808 Len=1388 TSval=29486980 TSecr=2885411506,492112,124920,
17527,13.98845,10.234.187.248,147.46.244.85,TCP,1460,47510  >  8888 [ACK] Seq=13807115 Ack=157 Win=87808 Len=1388 TSval=29486980 TSecr=2885411506,493572,126308,
17532,13.99244,10.234.187.248,147.46.244.85,TCP,1460,47510  >  8888 [ACK] Seq=13808503 Ack=157 Win=87808 Len=1388 TSval=29486981 TSecr=2885411511,495032,120756,
17533,13.992456,10.234.187.248,147.46.244.85,TCP,1460,47510  >  8888 [ACK] Seq=13809891 Ack=157 Win=87808 Len=1388 TSval=29486981 TSecr=2885411511,496492,122144,
17534,13.992501,10.234.187.248,147.46.244.85,TCP,1460,47510  >  8888 [ACK] Seq=13811279 Ack=157 Win=87808 Len=1388 TSval=29486981 TSecr=2885411511,497952,123532,
17535,13.992511,10.234.187.248,147.46.244.85,TCP,1460,47510  >  8888 [ACK] Seq=13812667 Ack=157 Win=87808 Len=1388 TSval=29486981 TSecr=2885411511,499412,124920,
17537,13.992599,10.234.187.248,147.46.244.85,TCP,1460,47510  >  8888 [ACK] Seq=13814055 Ack=157 Win=87808 Len=1388 TSval=29486981 TSecr=2885411512,500872,117980,
17538,13.99261,10.234.187.248,147.46.244.85,TCP,1460,47510  >  8888 [ACK] Seq=13815443 Ack=157 Win=87808 Len=1388 TSval=29486981 TSecr=2885411512,502332,119368,
17540,13.992685,10.234.187.248,147.46.244.85,TCP,1460,47510  >  8888 [ACK] Seq=13816831 Ack=157 Win=87808 Len=1388 TSval=29486981 TSecr=2885411512,503792,120756,
17541,13.992693,10.234.187.248,147.46.244.85,TCP,1460,47510  >  8888 [ACK] Seq=13818219 Ack=157 Win=87808 Len=1388 TSval=29486981 TSecr=2885411512,505252,122144,
17542,13.992734,10.234.187.248,147.46.244.85,TCP,1460,47510  >  8888 [ACK] Seq=13819607 Ack=157 Win=87808 Len=1388 TSval=29486981 TSecr=2885411512,506712,123532,
17543,13.992743,10.234.187.248,147.46.244.85,TCP,1460,47510  >  8888 [ACK] Seq=13820995 Ack=157 Win=87808 Len=1388 TSval=29486981 TSecr=2885411512,508172,124920,
17545,13.992831,10.234.187.248,147.46.244.85,TCP,1460,47510  >  8888 [ACK] Seq=13822383 Ack=157 Win=87808 Len=1388 TSval=29486981 TSecr=2885411513,509632,117980,
17547,13.992866,10.234.187.248,147.46.244.85,TCP,1460,47510  >  8888 [ACK] Seq=13823771 Ack=157 Win=87808 Len=1388 TSval=29486981 TSecr=2885411513,511092,119368,
17548,13.992911,10.234.187.248,147.46.244.85,TCP,1460,47510  >  8888 [ACK] Seq=13825159 Ack=157 Win=87808 Len=1388 TSval=29486981 TSecr=2885411513,512552,120756,
17549,13.99292,10.234.187.248,147.46.244.85,TCP,1460,47510  >  8888 [ACK] Seq=13826547 Ack=157 Win=87808 Len=1388 TSval=29486981 TSecr=2885411513,514012,122144,
17550,13.992961,10.234.187.248,147.46.244.85,TCP,1460,47510  >  8888 [ACK] Seq=13827935 Ack=157 Win=87808 Len=1388 TSval=29486981 TSecr=2885411513,515472,123532,
17551,13.99297,10.234.187.248,147.46.244.85,TCP,1460,47510  >  8888 [ACK] Seq=13829323 Ack=157 Win=87808 Len=1388 TSval=29486981 TSecr=2885411513,516932,124920,
17556,13.998316,10.234.187.248,147.46.244.85,TCP,1460,47510  >  8888 [ACK] Seq=13830711 Ack=157 Win=87808 Len=1388 TSval=29486983 TSecr=2885411517,518392,122144,
17557,13.998335,10.234.187.248,147.46.244.85,TCP,1460,47510  >  8888 [ACK] Seq=13832099 Ack=157 Win=87808 Len=1388 TSval=29486983 TSecr=2885411517,519852,123532,
17558,13.998379,10.234.187.248,147.46.244.85,TCP,1460,47510  >  8888 [ACK] Seq=13833487 Ack=157 Win=87808 Len=1388 TSval=29486983 TSecr=2885411517,521312,124920,
17559,13.998387,10.234.187.248,147.46.244.85,TCP,1460,47510  >  8888 [ACK] Seq=13834875 Ack=157 Win=87808 Len=1388 TSval=29486983 TSecr=2885411517,522772,126308,
17563,14.029758,10.234.187.248,147.46.244.85,TCP,1460,47510  >  8888 [ACK] Seq=13836263 Ack=157 Win=87808 Len=1388 TSval=29486992 TSecr=2885411552,524232,124920,
17565,14.02985,10.234.187.248,147.46.244.85,TCP,1460,47510  >  8888 [ACK] Seq=13837651 Ack=157 Win=87808 Len=1388 TSval=29486993 TSecr=2885411552,525692,126308,
17569,14.041566,10.234.187.248,147.46.244.85,TCP,1460,47510  >  8888 [ACK] Seq=13839039 Ack=157 Win=87808 Len=1388 TSval=29486996 TSecr=2885411558,527152,124920,
17571,14.041608,10.234.187.248,147.46.244.85,TCP,1460,47510  >  8888 [ACK] Seq=13840427 Ack=157 Win=87808 Len=1388 TSval=29486996 TSecr=2885411558,528612,126308,
17573,14.041726,10.234.187.248,147.46.244.85,TCP,1460,47510  >  8888 [ACK] Seq=13841815 Ack=157 Win=87808 Len=1388 TSval=29486996 TSecr=2885411564,530072,124920,
17574,14.041738,10.234.187.248,147.46.244.85,TCP,1460,47510  >  8888 [ACK] Seq=13843203 Ack=157 Win=87808 Len=1388 TSval=29486996 TSecr=2885411564,531532,126308,
17578,14.048122,10.234.187.248,147.46.244.85,TCP,1460,47510  >  8888 [ACK] Seq=13844591 Ack=157 Win=87808 Len=1388 TSval=29486998 TSecr=2885411564,532992,124920,
17579,14.048136,10.234.187.248,147.46.244.85,TCP,1460,47510  >  8888 [ACK] Seq=13845979 Ack=157 Win=87808 Len=1388 TSval=29486998 TSecr=2885411564,534452,126308,
17583,14.054205,10.234.187.248,147.46.244.85,TCP,1460,47510  >  8888 [ACK] Seq=13847367 Ack=157 Win=87808 Len=1388 TSval=29487000 TSecr=2885411569,535912,120756,
17584,14.054224,10.234.187.248,147.46.244.85,TCP,1460,47510  >  8888 [ACK] Seq=13848755 Ack=157 Win=87808 Len=1388 TSval=29487000 TSecr=2885411569,537372,122144,
17585,14.054266,10.234.187.248,147.46.244.85,TCP,1460,47510  >  8888 [ACK] Seq=13850143 Ack=157 Win=87808 Len=1388 TSval=29487000 TSecr=2885411569,538832,123532,
17586,14.054273,10.234.187.248,147.46.244.85,TCP,930,"47510  >  8888 [PSH, ACK] Seq=13851531 Ack=157 Win=87808 Len=858 TSval=29487000 TSecr=2885411569",539762,124390,
